,Gene_set,Term,Overlap,P-value,Adjusted P-value,Old P-value,Old Adjusted P-value,Odds Ratio,Combined Score,Genes
0,ClinVar_2019,osteogenesis imperfecta,4/10,2.3784967857682567e-08,2.140647107191431e-07,0,0,210.8677248677249,3701.616758607205,COL1A1;CRTAP;COL1A2;P3H1
1,ClinVar_2019,postmenopausal osteoporosis,2/6,0.00016439509275837475,0.0007397779174126863,0,0,153.3,1335.7393739315212,COL1A1;COL1A2
2,ClinVar_2019,intervertebral disc disorder,1/5,0.0166396661964726,0.0299020988111156,0,0,75.48863636363636,309.1988806923386,COL11A1
3,ClinVar_2019,stickler syndrome,1/5,0.0166396661964726,0.0299020988111156,0,0,75.48863636363636,309.1988806923386,COL11A1
4,ClinVar_2019,lissencephaly,1/6,0.0199347325407437,0.0299020988111156,0,0,60.38787878787879,236.43616149285907,LAMB1
5,ClinVar_2019,malformation of cortical development,1/6,0.0199347325407437,0.0299020988111156,0,0,60.38787878787879,236.43616149285907,LAMB1
9,GO_Biological_Process_2023,Extracellular Matrix Organization (GO:0030198),15/176,1.8629902351648238e-17,1.7586627819955933e-14,0,0,35.42522694696608,1364.6422225592426,CRTAP;POSTN;COL16A1;COL14A1;COL11A1;NDNF;LAMC1;COL1A1;COL1A2;COL5A1;COL5A3;COL7A1;COL5A2;TGFBI;GAS6
10,GO_Biological_Process_2023,Extracellular Structure Organization (GO:0043062),12/109,1.7212706466221185e-15,6.064014809019272e-13,0,0,44.61705716963449,1516.7886984982113,COL1A1;POSTN;COL1A2;COL16A1;COL5A1;COL14A1;COL5A3;COL7A1;COL11A1;COL5A2;NDNF;TGFBI
11,GO_Biological_Process_2023,External Encapsulating Structure Organization (GO:0045229),12/110,1.9271233503239207e-15,6.064014809019272e-13,0,0,44.1595547309833,1496.247064562929,COL1A1;POSTN;COL1A2;COL16A1;COL5A1;COL14A1;COL5A3;COL7A1;COL11A1;COL5A2;NDNF;TGFBI
12,GO_Biological_Process_2023,Collagen Fibril Organization (GO:0030199),8/42,1.1100310609445873e-12,2.6196733038292256e-10,0,0,79.35792622133599,2184.456520112952,COL1A1;CRTAP;COL1A2;COL5A1;COL14A1;COL11A1;COL5A3;COL5A2
13,GO_Biological_Process_2023,Supramolecular Fiber Organization (GO:0097435),11/316,7.530131631191711e-09,1.3765824917043966e-06,0,0,12.640983606557375,236.44142361840352,COL1A1;CRTAP;COL1A2;COL5A1;COL14A1;COL5A3;COL11A1;COL5A2;EMILIN1;B2M;DBN1
14,GO_Biological_Process_2023,Regulation Of Apoptotic Process (GO:0042981),15/705,8.749464989646588e-09,1.3765824917043966e-06,0,0,8.044732441471572,149.2641642035496,NPM1;VCP;ANP32A;WNT5A;IGF1;FSTL1;HSP90B1;PTMS;HNRNPK;PLSCR3;RACK1;EMILIN1;CALR;GAS6;PTMA
15,GO_Biological_Process_2023,Skin Development (GO:0043588),6/68,1.0454020912428215e-07,1.4097993916188903e-05,0,0,31.524590163934427,506.7166177641084,COL1A1;COL1A2;COL5A1;COL5A3;WNT5A;COL5A2
16,GO_Biological_Process_2023,Negative Regulation Of Apoptotic Process (GO:0043066),11/482,5.407657541371739e-07,6.381035898818651e-05,0,0,8.116545344252351,117.12401901753267,NPM1;HNRNPK;SET;WNT5A;NDNF;IGF1;GAS6;PTMA;FSTL1;HSP90B1;PTMS
17,GO_Biological_Process_2023,Positive Regulation Of Cell Population Proliferation (GO:0008284),10/483,4.44419205885334e-06,0.0004578038137013792,0,0,7.217833166425578,88.95194416289416,NPM1;WNT5A;CLEC11A;HNRNPU;LAMB1;CALR;LAMC1;IGF1;GAS6;NES
18,GO_Biological_Process_2023,Negative Regulation Of Programmed Cell Death (GO:0043069),9/381,4.849616670565458e-06,0.0004578038137013792,0,0,8.15948275862069,99.84441560648747,NPM1;HNRNPK;WNT5A;IGF1;GAS6;PTMA;FSTL1;HSP90B1;PTMS
19,GO_Biological_Process_2023,Skeletal System Development (GO:0001501),6/149,1.0607277800308282e-05,0.0009102972948628196,0,0,13.612289349994269,155.9147566707463,COL1A1;COL1A2;WNT5A;OGN;P3H1;IGF1
20,GO_Biological_Process_2023,Positive Regulation Of Neuron Projection Development (GO:0010976),5/92,1.423099089911623e-05,0.0010892909831186,0,0,18.39636633296255,205.3050766076768,CAPRIN1;WNT5A;P3H1;NDNF;DBN1
21,GO_Biological_Process_2023,Negative Regulation Of Amide Metabolic Process (GO:0034249),5/93,1.5000829216676156e-05,0.0010892909831186,0,0,18.186400293255133,202.003714954717,CAPRIN1;NCL;RACK1;CALR;IGF1
22,GO_Biological_Process_2023,Eye Morphogenesis (GO:0048592),3/19,3.3506140611826125e-05,0.0022592711955402,0,0,58.3505859375,601.2317073910531,COL5A1;COL5A2;MFAP2
23,GO_Biological_Process_2023,Activation Of Protein Kinase B Activity (GO:0032148),3/25,7.839415188104293e-05,0.0049336052917136,0,0,42.42400568181818,401.0664199979474,WNT5A;IGF1;GAS6
24,GO_Biological_Process_2023,Ubiquitin-Dependent ERAD Pathway (GO:0030433),4/73,0.00010520766203848658,0.005814041687601,0,0,18.278352887048538,167.4219336764135,VCP;CANX;CALR;HSP90B1
25,GO_Biological_Process_2023,Regulation Of Basement Membrane Organization (GO:0110011),2/5,0.0001098341891953128,0.005814041687601,0,0,204.4102564102564,1863.514013312592,LAMB1;LAMC1
26,GO_Biological_Process_2023,Positive Regulation Of Fibroblast Proliferation (GO:0048146),3/28,0.0001108609643822226,0.005814041687601,0,0,37.3275,339.95026649332107,WNT5A;IGF1;GAS6
27,GO_Biological_Process_2023,Positive Regulation Of Endocytosis (GO:0045807),4/79,0.0001430598796615028,0.0071078171789715,0,0,16.81100529100529,148.81517580184618,HNRNPK;CALR;GAS6;B2M
28,GO_Biological_Process_2023,Endodermal Cell Differentiation (GO:0035987),3/31,0.000151023440441901,0.0071283063888577,0,0,33.32310267857143,293.1791732097537,COL11A1;COL7A1;LAMB1
29,GO_Biological_Process_2023,ERAD Pathway (GO:0036503),4/89,0.0002267157879142816,0.0094258604020561,0,0,14.82577030812325,124.41509735221666,VCP;CANX;CALR;HSP90B1
30,GO_Biological_Process_2023,Regulation Of Dendritic Cell Chemotaxis (GO:2000508),2/7,0.00022965549708399584,0.0094258604020561,0,0,122.63384615384616,1027.5404383913506,CALR;GAS6
31,GO_Biological_Process_2023,Positive Regulation Of Dendritic Cell Chemotaxis (GO:2000510),2/7,0.00022965549708399584,0.0094258604020561,0,0,122.63384615384616,1027.5404383913506,CALR;GAS6
32,GO_Biological_Process_2023,Regulation Of Epithelial Cell Proliferation (GO:0050678),4/91,0.0002469271012420673,0.0097124659821879,0,0,14.483488414522895,120.30590020182308,LAMB1;LAMC1;IGF1;B2M
33,GO_Biological_Process_2023,Nuclear Transport (GO:0051169),3/39,0.000301229946433622,0.0103012403100977,0,0,25.90755208333333,210.049018607232,NPM1;ANP32A;RANGAP1
34,GO_Biological_Process_2023,Odontogenesis (GO:0042476),3/39,0.000301229946433622,0.0103012403100977,0,0,25.90755208333333,210.049018607232,COL1A1;COL1A2;LAMB1
35,GO_Biological_Process_2023,Positive Regulation Of Dendritic Spine Morphogenesis (GO:0061003),2/8,0.0003055452634351024,0.0103012403100977,0,0,102.1897435897436,827.0637612734779,CAPRIN1;DBN1
36,GO_Biological_Process_2023,Skin Morphogenesis (GO:0043589),2/8,0.0003055452634351024,0.0103012403100977,0,0,102.1897435897436,827.0637612734779,COL1A1;COL1A2
37,GO_Biological_Process_2023,Negative Regulation Of Macromolecule Biosynthetic Process (GO:0010558),4/98,0.0003279291131468353,0.0106746580279521,0,0,13.400202634245188,107.50598110106256,CAPRIN1;NCL;RACK1;CALR
38,GO_Biological_Process_2023,"RNA Splicing, Via Transesterification Reactions With Bulged Adenosine As Nucleophile (GO:0000377)",5/180,0.0003434797690135828,0.010808163398294,0,0,9.105069124423965,72.62551261086323,HSPA8;HNRNPK;SRSF2;HNRNPU;HNRNPC
39,GO_Biological_Process_2023,Negative Regulation Of Translation (GO:0017148),4/107,0.0004580381895938769,0.013948001644407,0,0,12.223763291724456,93.9831129725395,CAPRIN1;NCL;RACK1;CALR
40,GO_Biological_Process_2023,Regulation Of Fibroblast Proliferation (GO:0048145),3/46,0.0004920415287391648,0.0145152250978053,0,0,21.68241279069768,165.15379853468102,WNT5A;IGF1;GAS6
41,GO_Biological_Process_2023,Regulation Of Translation (GO:0006417),5/202,0.0005813160116816645,0.0165696997046176,0,0,8.079253315867037,60.19218263723092,NPM1;CAPRIN1;NCL;RACK1;CALR
42,GO_Biological_Process_2023,Nucleocytoplasmic Transport (GO:0006913),3/50,0.0006292667740133991,0.0165696997046176,0,0,19.83311170212766,146.18897916479884,NPM1;ANP32A;RANGAP1
43,GO_Biological_Process_2023,Negative Regulation Of Cell Differentiation (GO:0045596),5/207,0.0006493174802382225,0.0165696997046176,0,0,7.877275630788885,57.815963814219536,COL5A1;WNT5A;COL5A2;HNRNPU;CALR
44,GO_Biological_Process_2023,Positive Regulation Of Cell Projection Organization (GO:0031346),4/118,0.0006625922426746727,0.0165696997046176,0,0,11.038150932887776,80.79209859149263,CAPRIN1;WNT5A;P3H1;NDNF
45,GO_Biological_Process_2023,Protein Stabilization (GO:0050821),5/208,0.0006636041685290794,0.0165696997046176,0,0,7.838074050532337,57.357652028330016,CRTAP;P3H1;CALR;IGF1;CCT5
46,GO_Biological_Process_2023,Regulation Of Telomere Maintenance Via Telomerase (GO:0032210),3/51,0.0006670006237028307,0.0165696997046176,0,0,19.4189453125,142.00530155068068,HNRNPU;HNRNPC;CCT5
47,GO_Biological_Process_2023,"mRNA Splicing, Via Spliceosome (GO:0000398)",5/211,0.0007078810986564991,0.0168505618818407,0,0,7.722752896962104,56.01493711491793,HSPA8;HNRNPK;SRSF2;HNRNPU;HNRNPC
48,GO_Biological_Process_2023,Positive Regulation Of Integrin-Mediated Signaling Pathway (GO:2001046),2/12,0.0007140068594000316,0.0168505618818407,0,0,61.30153846153846,444.1062282714842,LAMB1;LAMC1
49,GO_Biological_Process_2023,Protein Localization To Nucleus (GO:0034504),4/122,0.0007508390437018901,0.0169545840555272,0,0,10.66182405165456,76.7045660341705,COL1A1;HNRNPU;CALR;IPO7
50,GO_Biological_Process_2023,mRNA Processing (GO:0006397),5/214,0.0007543353075552384,0.0169545840555272,0,0,7.61074239851829,54.71875357594556,HSPA8;HNRNPK;SRSF2;HNRNPU;HNRNPC
51,GO_Biological_Process_2023,Positive Regulation Of Epithelial Cell Proliferation (GO:0050679),4/123,0.0007741371196591602,0.0169950102548429,0,0,10.571695344804589,75.73310455418265,WNT5A;LAMB1;LAMC1;IGF1
52,GO_Biological_Process_2023,Negative Regulation Of Gene Expression (GO:0010629),6/336,0.0009066459435646392,0.0194516766073868,0,0,5.842921013412817,40.9340938114358,CAPRIN1;NCL;RACK1;EMILIN1;CALR;IGF1
53,GO_Biological_Process_2023,Regulation Of Phagocytosis (GO:0050764),3/58,0.0009719007565399648,0.020115710859308,0,0,16.941477272727273,117.51043796913778,RACK1;CALR;GAS6
54,GO_Biological_Process_2023,Positive Regulation Of Response To Cytokine Stimulus (GO:0060760),2/14,0.0009802147240764512,0.020115710859308,0,0,51.07948717948718,353.86535053478264,WNT5A;GAS6
55,GO_Biological_Process_2023,Endoplasmic Reticulum To Cytosol Transport (GO:1903513),2/15,0.0011285741249095,0.0221952911232202,0,0,47.14792899408284,319.9835776705031,VCP;HSP90B1
56,GO_Biological_Process_2023,Positive Regulation Of Muscle Cell Differentiation (GO:0051149),2/15,0.0011285741249095,0.0221952911232202,0,0,47.14792899408284,319.9835776705031,LAMB1;LAMC1
57,GO_Biological_Process_2023,Negative Regulation Of Cellular Biosynthetic Process (GO:0031327),4/137,0.0011563071876071,0.0222766119408395,0,0,9.45220193340494,63.92074063922202,CAPRIN1;NCL;RACK1;CALR
58,GO_Biological_Process_2023,"Retrograde Protein Transport, ER To Cytosol (GO:0030970)",2/17,0.0014554664168464,0.0264223134135194,0,0,40.8574358974359,266.8982937419867,VCP;HSP90B1
59,GO_Biological_Process_2023,Positive Regulation Of Dendrite Morphogenesis (GO:0050775),2/17,0.0014554664168464,0.0264223134135194,0,0,40.8574358974359,266.8982937419867,CAPRIN1;DBN1
60,GO_Biological_Process_2023,Extracellular Matrix Assembly (GO:0085029),2/17,0.0014554664168464,0.0264223134135194,0,0,40.8574358974359,266.8982937419867,EMILIN1;GAS6
61,GO_Biological_Process_2023,Negative Regulation Of Protein Metabolic Process (GO:0051248),4/147,0.0014994099412823,0.0267064714069904,0,0,8.786768786768787,57.13757746898329,CAPRIN1;NCL;RACK1;CALR
62,GO_Biological_Process_2023,Antigen Processing And Presentation Of Peptide Antigen Via MHC Class I (GO:0002474),2/18,0.0016338653066189,0.028043069989969,0,0,38.30192307692308,245.7760372982144,CALR;B2M
63,GO_Biological_Process_2023,Maintenance Of Protein Location In Nucleus (GO:0051457),2/18,0.0016338653066189,0.028043069989969,0,0,38.30192307692308,245.7760372982144,HNRNPU;RANGAP1
64,GO_Biological_Process_2023,Negative Regulation Of Protein Binding (GO:0032091),3/71,0.0017453094487083,0.0294209307067972,0,0,13.693704044117649,86.96629613831297,RACK1;NES;B2M
65,GO_Biological_Process_2023,Regulation Of Integrin-Mediated Signaling Pathway (GO:2001044),2/19,0.0018221438978866,0.02965696275181,0,0,36.04705882352941,227.3755290844131,LAMB1;LAMC1
66,GO_Biological_Process_2023,Negative Regulation Of Telomere Maintenance Via Telomerase (GO:0032211),2/19,0.0018221438978866,0.02965696275181,0,0,36.04705882352941,227.3755290844131,HNRNPU;HNRNPC
67,GO_Biological_Process_2023,Negative Regulation Of Signal Transduction (GO:0009968),5/267,0.0020095849583631,0.0317850463634437,0,0,6.054851021915784,37.59957776017981,VCP;TSPAN6;RACK1;EMILIN1;CALR
68,GO_Biological_Process_2023,Negative Regulation Of Reproductive Process (GO:2000242),2/20,0.0020202359976765,0.0317850463634437,0,0,34.042735042735046,211.21954341363585,IGF1;CALR
69,GO_Biological_Process_2023,Positive Regulation Of Dendritic Spine Development (GO:0060999),2/21,0.0022280757345386,0.034480385137779,0,0,32.24939271255061,196.9346886601168,CAPRIN1;DBN1
70,GO_Biological_Process_2023,Regulation Of Protein Export From Nucleus (GO:0046825),2/22,0.0024455975557341,0.0366451443271911,0,0,30.635384615384616,184.22483725138,RANGAP1;GAS6
71,GO_Biological_Process_2023,Negative Regulation Of Cell Development (GO:0010721),2/22,0.0024455975557341,0.0366451443271911,0,0,30.635384615384616,184.22483725138,IGF1;B2M
72,GO_Biological_Process_2023,Activation Of Protein Kinase Activity (GO:0032147),3/81,0.0025440590622266,0.0375248711678436,0,0,11.932091346153848,71.2822470909,WNT5A;IGF1;GAS6
73,GO_Biological_Process_2023,Regulation Of Extracellular Matrix Organization (GO:1903053),2/23,0.0026727362269617,0.0382282272462413,0,0,29.17509157509157,172.8522800321737,LAMB1;LAMC1
74,GO_Biological_Process_2023,Negative Regulation Of Neuron Differentiation (GO:0045665),2/23,0.0026727362269617,0.0382282272462413,0,0,29.17509157509157,172.8522800321737,CALR;B2M
75,GO_Biological_Process_2023,Regulation Of Neuron Projection Development (GO:0010975),4/174,0.0027693047845238,0.0387866279358236,0,0,7.381139122315593,43.46870167543166,WNT5A;P3H1;NDNF;DBN1
76,GO_Biological_Process_2023,Regulation Of Muscle Cell Differentiation (GO:0051147),2/24,0.0029094268308419,0.0387866279358236,0,0,27.84755244755245,162.62411401910555,LAMB1;LAMC1
77,GO_Biological_Process_2023,Protein Exit From Endoplasmic Reticulum (GO:0032527),2/24,0.0029094268308419,0.0387866279358236,0,0,27.84755244755245,162.62411401910555,VCP;HSP90B1
78,GO_Biological_Process_2023,Protein Kinase B Signaling (GO:0043491),2/24,0.0029094268308419,0.0387866279358236,0,0,27.84755244755245,162.62411401910555,IGF1;GAS6
79,GO_Biological_Process_2023,Positive Regulation Of Endothelial Cell Migration (GO:0010595),3/85,0.0029172146011053,0.0387866279358236,0,0,11.347751524390244,66.23825571067569,ATP5F1B;WNT5A;CALR
80,GO_Biological_Process_2023,Negative Regulation Of Smoothened Signaling Pathway (GO:0045879),2/25,0.003155604765713,0.0402552824166631,0,0,26.63545150501672,153.38224825365396,VCP;RACK1
81,GO_Biological_Process_2023,Negative Regulation Of Telomere Maintenance Via Telomere Lengthening (GO:1904357),2/25,0.003155604765713,0.0402552824166631,0,0,26.63545150501672,153.38224825365396,HNRNPU;HNRNPC
82,GO_Biological_Process_2023,Cellular Response To Hexose Stimulus (GO:0071331),2/25,0.003155604765713,0.0402552824166631,0,0,26.63545150501672,153.38224825365396,RACK1;GAS6
83,GO_Biological_Process_2023,Positive Regulation Of Cell Adhesion (GO:0045785),3/88,0.0032180596924359,0.0405046446621268,0,0,10.945588235294116,62.81647564260721,LAMB1;NDNF;LAMC1
84,GO_Biological_Process_2023,RNA Processing (GO:0006396),4/183,0.0033188043399362,0.0412230433802612,0,0,7.006828057107387,39.99603047540203,HNRNPK;SRSF2;HNRNPU;HNRNPC
85,GO_Biological_Process_2023,Negative Regulation Of Endothelial Cell Apoptotic Process (GO:2000352),2/26,0.0034112057439443,0.0418204963932913,0,0,25.52435897435897,144.9959569883209,NDNF;GAS6
86,GO_Biological_Process_2023,Positive Regulation Of Cellular Component Biogenesis (GO:0044089),3/93,0.0037604919132756,0.045511594437593,0,0,10.334895833333333,57.701847280697145,VCP;RACK1;EMILIN1
87,GO_Biological_Process_2023,"Regulation Of mRNA Splicing, Via Spliceosome (GO:0048024)",3/94,0.0038752460334452,0.0463067374123077,0,0,10.22081043956044,56.75765389386097,HNRNPK;NCL;HNRNPU
88,GO_Biological_Process_2023,Regulation Of Protein Transport (GO:0051223),2/28,0.0039504212424071,0.0466149706604048,0,0,23.558579881656804,130.37160410340698,HSPA8;P3H1
89,GO_Biological_Process_2023,Regulation Of Programmed Cell Death (GO:0043067),4/195,0.0041612456168037,0.0481937830170044,0,0,6.562619463143023,35.97589153695952,VCP;PLSCR3;ANP32A;CALR
90,GO_Biological_Process_2023,Negative Regulation Of Nucleic Acid-Templated Transcription (GO:1903507),6/456,0.004196307069738,0.0481937830170044,0,0,4.258579234972678,23.30954811584181,HSPA8;HNRNPK;SET;WNT5A;CALR;GAS6
91,GO_Biological_Process_2023,Positive Regulation Of Protein Metabolic Process (GO:0051247),4/196,0.0042373771084866,0.0481937830170044,0,0,6.528108465608466,35.66834958785869,NPM1;VCP;ASPH;WNT5A
953,GO_Cellular_Component_2023,Endoplasmic Reticulum Lumen (GO:0005788),21/284,5.410226785288159e-23,5.626635856699685e-21,0,0,34.14366010910894,1750.585269646028,CRTAP;COL16A1;GOLM1;COL14A1;COL11A1;WNT5A;P3H1;LAMB1;LAMC1;FSTL1;HSP90B1;COL1A1;COL1A2;COL5A1;COL5A3;COL7A1;COL5A2;CANX;CALR;GAS6;B2M
954,GO_Cellular_Component_2023,Intracellular Organelle Lumen (GO:0070013),28/856,3.7209004239446215e-21,1.9348682204512037e-19,0,0,16.565712870060697,779.2564553819856,VCP;COL16A1;COL14A1;COL11A1;LAMC1;FSTL1;HSP90B1;ATP5F1B;B2M;HSPA8;CRTAP;GOLM1;WNT5A;P3H1;LAMB1;COL1A1;COL1A2;COL5A1;COL5A3;COL7A1;OGN;COL5A2;CANX;CALR;SSBP1;GAS6;AGRN;FMOD
955,GO_Cellular_Component_2023,Collagen-Containing Extracellular Matrix (GO:0062023),21/373,1.6344881589191196e-20,5.666225617586281e-19,0,0,25.395318675889328,1157.020169924,POSTN;COL16A1;COL14A1;COL11A1;WNT5A;P3H1;LAMB1;LAMC1;HSP90B1;COL1A1;COL1A2;COL5A1;COL5A3;COL7A1;OGN;COL5A2;MFAP2;EMILIN1;TGFBI;AGRN;FMOD
956,GO_Cellular_Component_2023,Golgi Lumen (GO:0005796),5/100,2.1341984140195787e-05,0.0005548915876450904,0,0,16.840407470288625,181.11579254247096,WNT5A;OGN;GAS6;AGRN;FMOD
957,GO_Cellular_Component_2023,Focal Adhesion (GO:0005925),8/387,4.4021412696224136e-05,0.0008813022891277041,0,0,6.99575153168463,70.17322504956746,AKAP12;HSPA8;NPM1;HNRNPK;RPLP2;CALR;B2M;HSP90B1
958,GO_Cellular_Component_2023,Cell-Substrate Junction (GO:0030055),8/395,5.0844362834290624e-05,0.0008813022891277041,0,0,6.8483335523146325,67.7077021701116,AKAP12;HSPA8;NPM1;HNRNPK;RPLP2;CALR;B2M;HSP90B1
959,GO_Cellular_Component_2023,Lysosomal Lumen (GO:0043202),4/86,0.0001986714682015133,0.0026664610135858,0,0,15.370499419279907,131.0159546090149,HSPA8;OGN;AGRN;FMOD
960,GO_Cellular_Component_2023,Vacuolar Lumen (GO:0005775),5/161,0.0002051123856604497,0.0026664610135858,0,0,10.223842018196857,86.82038085055603,HSPA8;VCP;OGN;AGRN;FMOD
961,GO_Cellular_Component_2023,Basement Membrane (GO:0005604),3/46,0.0004920415287391648,0.0056858132209859,0,0,21.68241279069768,165.15379853468102,LAMB1;LAMC1;AGRN
962,GO_Cellular_Component_2023,Secretory Granule Lumen (GO:0034774),6/316,0.0006590266960944859,0.0068538776393826,0,0,6.226229508196721,45.60555288724299,HSPA8;PCSK1;VCP;IGF1;GAS6;B2M
963,GO_Cellular_Component_2023,Cytoplasmic Stress Granule (GO:0010494),3/76,0.0021212943909513,0.0193099896993353,0,0,12.752568493150685,78.50135333658152,VCP;HNRNPK;CAPRIN1
964,GO_Cellular_Component_2023,Endocytic Vesicle Lumen (GO:0071682),2/21,0.0022280757345386,0.0193099896993353,0,0,32.24939271255061,196.9346886601168,CALR;HSP90B1
965,GO_Cellular_Component_2023,Lumenal Side Of Endoplasmic Reticulum Membrane (GO:0098553),2/27,0.0036761657907123,0.0294093263256988,0,0,24.50215384615385,137.35625609293805,CANX;CALR
1057,GO_Molecular_Function_2023,RNA Binding (GO:0003723),17/1411,2.7581498842251825e-06,0.0003337361359912471,0,0,4.5217073170731705,57.88215124657364,HSPA8;NPM1;VCP;ANP32A;COL14A1;HNRNPU;RANGAP1;HSP90B1;HNRNPK;CAPRIN1;NCL;CANX;SRSF2;RACK1;HNRNPC;CALR;SSBP1
1058,GO_Molecular_Function_2023,mRNA Binding (GO:0003729),7/282,4.341885578135272e-05,0.0026268407747718,0,0,8.339757575757575,83.76966860472271,HNRNPK;CAPRIN1;NCL;HNRNPU;HNRNPC;CALR;CCT5
1059,GO_Molecular_Function_2023,Platelet-Derived Growth Factor Binding (GO:0048407),2/10,0.0004889339976743091,0.0197203379061971,0,0,76.63461538461539,584.2073646335838,COL1A2;COL5A1
1060,GO_Molecular_Function_2023,Cadherin Binding (GO:0045296),6/319,0.0006923523122206324,0.0209436574446741,0,0,6.165610433143037,44.857378391694496,HSPA8;HNRNPK;EEF1D;RACK1;RANGAP1;DBN1
1061,GO_Molecular_Function_2023,Calcium Ion Binding (GO:0005509),6/346,0.0010546767363745,0.0255231770202646,0,0,5.668177434908389,38.85264108941295,PLSCR3;ASPH;CANX;CALR;AGRN;HSP90B1
1062,GO_Molecular_Function_2023,Metal Ion Binding (GO:0046872),7/521,0.0017628869853987,0.0355515542055404,0,0,4.407684824902724,27.948258874070135,POSTN;PLSCR3;ASPH;CANX;CALR;AGRN;HSP90B1
1063,GO_Molecular_Function_2023,Telomerase RNA Binding (GO:0070034),2/21,0.0022280757345386,0.0385138805541687,0,0,32.24939271255061,196.9346886601168,HNRNPU;HNRNPC
1064,GO_Molecular_Function_2023,Poly-Pyrimidine Tract Binding (GO:0008187),2/25,0.003155604765713,0.0424253529612526,0,0,26.63545150501672,153.38224825365396,HNRNPU;HNRNPC
1065,GO_Molecular_Function_2023,MHC Class II Protein Complex Binding (GO:0023026),2/25,0.003155604765713,0.0424253529612526,0,0,26.63545150501672,153.38224825365396,HSPA8;B2M
1066,GO_Molecular_Function_2023,mRNA 3'-UTR Binding (GO:0003730),3/93,0.0037604919132756,0.0455019521506359,0,0,10.334895833333333,57.701847280697145,HNRNPU;HNRNPC;CCT5
1067,GO_Molecular_Function_2023,pre-mRNA Binding (GO:0036002),2/30,0.0045265652607379,0.0497922178681172,0,0,21.87362637362637,118.06928211852814,HNRNPU;HNRNPC
1178,KEGG_2021_Human,Protein digestion and absorption,9/103,5.956168776208382e-11,5.360551898587544e-09,0,0,32.74963316214233,771.0576438777271,COL1A1;COL1A2;COL16A1;COL5A1;COL14A1;COL5A3;COL7A1;COL11A1;COL5A2
1179,KEGG_2021_Human,ECM-receptor interaction,5/88,1.1454345631083374e-05,0.0005154455533987519,0,0,19.28682471822775,219.4289313758693,COL1A1;COL1A2;LAMB1;LAMC1;AGRN
1180,KEGG_2021_Human,Antigen processing and presentation,4/78,0.00013615778470778213,0.0033172485792728,0,0,17.03903903903904,151.67634843577113,HSPA8;CANX;CALR;B2M
1181,KEGG_2021_Human,Spliceosome,5/150,0.00014743327018990353,0.0033172485792728,0,0,11.005561735261402,97.0925501691698,HSPA8;HNRNPK;SRSF2;HNRNPU;HNRNPC
1182,KEGG_2021_Human,Protein processing in endoplasmic reticulum,5/171,0.00027119266549191257,0.0048814679788544,0,0,9.603089778468714,78.867113415406,HSPA8;VCP;CANX;CALR;HSP90B1
1183,KEGG_2021_Human,Amoebiasis,4/102,0.0003819343089494123,0.0057290146342411,0,0,12.85066407515387,101.13809224907088,COL1A1;COL1A2;LAMB1;LAMC1
1184,KEGG_2021_Human,Focal adhesion,5/201,0.0005683851316047096,0.0073078088349176,0,0,8.120885450954576,60.68503264113666,COL1A1;COL1A2;LAMB1;LAMC1;IGF1
1185,KEGG_2021_Human,PI3K-Akt signaling pathway,6/354,0.0011859591783894,0.0133420407568812,0,0,5.535613340870548,37.2945530132793,COL1A1;COL1A2;LAMB1;LAMC1;IGF1;HSP90B1
1186,KEGG_2021_Human,Proteoglycans in cancer,4/205,0.0049653861400397,0.0452925160218615,0,0,6.232962173260681,33.067511153137204,COL1A1;COL1A2;WNT5A;IGF1
1187,KEGG_2021_Human,Human papillomavirus infection,5/331,0.0050325017802068,0.0452925160218615,0,0,4.850336433801702,25.66719487972752,COL1A1;COL1A2;WNT5A;LAMB1;LAMC1
1268,Pfam_Domains_2019,Laminin EGF,3/31,0.000151023440441901,0.0052858204154665,0,0,33.32310267857143,293.1791732097537,LAMB1;LAMC1;AGRN
1269,Pfam_Domains_2019,Laminin G 1,2/10,0.0004889339976743091,0.0085563449593004,0,0,76.63461538461539,584.2073646335838,GAS6;AGRN
1303,ProteomicsDB_2020,Breast Hs-578T BTO:0003885 P001355,17/324,3.8850364876466644e-16,2.595204373747972e-13,0,0,21.735635179153096,771.2722585962536,CRTAP;POSTN;WNT5A;P3H1;LAMB1;LAMC1;FSTL1;HSP90B1;PTMS;COL1A1;COL1A2;COL5A1;ASPH;EEF1D;COL5A2;CALR;PTGFRN
1304,ProteomicsDB_2020,Brain SNB-75 BTO:0004222 P001561,15/331,2.2176630239024133e-13,7.271648790027567e-11,0,0,17.90743670886076,521.7717099624251,CRTAP;POSTN;COL14A1;P3H1;LAMB1;LAMC1;HSP90B1;COL1A1;COL1A2;COL5A1;ASPH;COL7A1;COL5A2;CANX;CALR
1305,ProteomicsDB_2020,Brain SF-539 BTO:0004214 P003358,16/411,3.265710534443519e-13,7.271648790027567e-11,0,0,15.51789525936957,446.1414881612211,CRTAP;P3H1;LAMB1;LAMC1;FSTL1;HSP90B1;COL1A1;COL1A2;COL5A1;ASPH;COL7A1;COL5A2;CANX;TGFBI;CALR;PTGFRN
1306,ProteomicsDB_2020,Glioma U-251 MG BTO:0002035 P003815,14/317,2.1802818623275453e-12,3.51700345092212e-10,0,0,17.11314527679183,459.5147661734486,CRTAP;VCP;ANP32A;COL14A1;P3H1;HSP90B1;COL1A1;COL1A2;COL7A1;CANX;TGFBI;CALR;PTGFRN;SSBP1
1307,ProteomicsDB_2020,Brain SNB-75 BTO:0004222 SNB75 NCI60,13/257,2.632487612965659e-12,3.51700345092212e-10,0,0,19.426001821493625,517.9572709679084,CRTAP;VCP;COL14A1;P3H1;LAMB1;LAMC1;COL1A1;COL1A2;COL5A1;COL7A1;COL5A2;NES;B2M
1308,ProteomicsDB_2020,Renal RXF-393 BTO:0004207 P003812,13/354,1.4408862595210644e-10,1.6041867022667852e-08,0,0,13.831649831649832,313.43338109704325,CRTAP;P3H1;LAMB1;LAMC1;FSTL1;HSP90B1;COL5A1;COL7A1;COL5A2;TGFBI;CALR;PTGFRN;SSBP1
1309,ProteomicsDB_2020,Mixed PDB:200045 gcpool sdsfrac rep1,11/224,2.0160754488056074e-10,1.6834229997526824e-08,0,0,18.18578135479544,405.9920794664341,COL1A1;POSTN;VCP;COL7A1;NCL;LAMB1;TGFBI;LAMC1;AGRN;FSTL1;IPO7
1310,ProteomicsDB_2020,Gastric HFE-145 PDB:200047 HFE-145 sdsfrac rep1,11/224,2.0160754488056074e-10,1.6834229997526824e-08,0,0,18.18578135479544,405.9920794664341,COL1A1;POSTN;VCP;COL7A1;NCL;LAMB1;TGFBI;LAMC1;AGRN;FSTL1;IPO7
1311,ProteomicsDB_2020,Mixed PDB:200045 gcpool scxfrac rep2,10/200,1.2060772475665103e-09,8.05659601374429e-08,0,0,18.229916897506925,374.3676171180713,IGSF8;SET;GOLM1;NCL;CLEC11A;TGFBI;AGRN;B2M;FSTL1;CCT5
1312,ProteomicsDB_2020,Gastric HFE-145 PDB:200047 HFE-145 scxfrac rep2,10/200,1.2060772475665103e-09,8.05659601374429e-08,0,0,18.229916897506925,374.3676171180713,IGSF8;SET;GOLM1;NCL;CLEC11A;TGFBI;AGRN;B2M;FSTL1;CCT5
1313,ProteomicsDB_2020,Renal RXF-393 BTO:0004207 P001567,12/357,2.161226687197513e-09,1.312454024589035e-07,0,0,12.387667984189724,247.1660586811368,CRTAP;COL5A1;COL7A1;CANX;P3H1;LAMB1;TGFBI;CALR;LAMC1;PTGFRN;IPO7;HSP90B1
1314,ProteomicsDB_2020,Breast BT-549 BTO:0002548 P001357,12/363,2.6074836398254743e-09,1.3700708548924877e-07,0,0,12.172183372183373,240.58174616440405,COL1A1;CRTAP;COL1A2;COL5A1;COL5A2;CANX;LAMB1;CALR;LAMC1;B2M;FSTL1;HSP90B1
1315,ProteomicsDB_2020,Glial MO3.13 PDB:200051 oligodend acute,11/286,2.666305555928494e-09,1.3700708548924877e-07,0,0,14.041428571428572,277.2139146895208,CRTAP;HNRNPK;COL14A1;P3H1;HNRNPU;LAMB1;HNRNPC;CALR;NES;DBN1;HSP90B1
1316,ProteomicsDB_2020,Breast Hs-578T BTO:0003885 HS578T NCI60,10/219,2.902353705166617e-09,1.3848373393223578e-07,0,0,16.55670276168891,325.46742117246873,COL1A1;CRTAP;POSTN;COL1A2;COL5A1;WNT5A;COL5A2;LAMB1;LAMC1;FSTL1
1317,ProteomicsDB_2020,Renal RCC 786-O BTO:0003781 P001903,12/380,4.358878181153228e-09,1.941153750006904e-07,0,0,11.599802371541502,223.30838832732204,HSPA8;HNRNPK;ATP5F1B;GOLM1;COL7A1;CANX;P3H1;LAMB1;TGFBI;CALR;LAMC1;RANGAP1
1318,ProteomicsDB_2020,Glioma U-251 MG BTO:0002035 P001569,11/359,2.7996070386543883e-08,1.1688359386382072e-06,0,0,11.054751642036123,192.2554153284968,CRTAP;VCP;COL5A1;COL14A1;COL7A1;CANX;P3H1;TGFBI;PTGFRN;IPO7;HSP90B1
1319,ProteomicsDB_2020,Brain SF-539 BTO:0004214 SF539 NCI60,9/208,3.037031686137681e-08,1.1933748037293947e-06,0,0,15.387801074337204,266.359760953505,COL1A1;CRTAP;VCP;COL1A2;COL5A1;COL5A2;P3H1;TGFBI;FSTL1
1320,ProteomicsDB_2020,Renal Caki-1 BTO:0003204 P003357,11/371,3.9159695567154944e-08,1.4532598132699722e-06,0,0,10.6797123015873,182.1490911592497,COL1A1;CRTAP;ATP5F1B;COL5A1;COL7A1;CANX;LAMB1;CALR;LAMC1;GAS6;HSP90B1
1321,ProteomicsDB_2020,Lung non-small lung cancer BTO:0002553 P005587-I,9/248,1.3702388617712616e-07,4.817471366648436e-06,0,0,12.786466599336316,202.06594552848196,COL1A1;POSTN;COL1A2;COL5A1;COL14A1;COL5A2;CLEC11A;TGFBI;AGRN
1322,ProteomicsDB_2020,Lung NCI-H522 BTO:0003536 NCIH522 NCI60,9/290,5.125603829342982e-07,1.711951679000556e-05,0,0,10.85212909559455,157.1805808362877,SET;COL14A1;NCL;COL5A2;HNRNPU;HNRNPC;PTMA;DBN1;PTMS
1323,ProteomicsDB_2020,Ovary IGROV-1 BTO:0002575 P001748,10/387,6.087795951226508e-07,1.9364989025806222e-05,0,0,9.100470007911024,130.24419354608065,HSPA8;IGSF8;VCP;HNRNPK;ATP5F1B;CANX;P3H1;CALR;RANGAP1;HSP90B1
1324,ProteomicsDB_2020,Hematopoietic K-562 BTO:0000664 6h P003685-1,7/173,1.8026249901834944e-06,5.2354499714894526e-05,0,0,13.892469879518073,183.74551074115567,NPM1;SET;NCL;HNRNPU;RANGAP1;PTMA;CCT5
1325,ProteomicsDB_2020,Hematopoietic K-562 BTO:0000664 6h P003685-2,7/173,1.8026249901834944e-06,5.2354499714894526e-05,0,0,13.892469879518073,183.74551074115567,NPM1;SET;NCL;HNRNPU;RANGAP1;PTMA;CCT5
1326,ProteomicsDB_2020,Embryonic stem HES-3 PDB:200034 4Skin mix1 hESC,9/360,3.0595632817341387e-06,8.515784467493352e-05,0,0,8.656940760389036,109.91924039458698,COL1A1;CRTAP;COL1A2;COL5A1;WNT5A;COL5A2;HNRNPU;LAMB1;HNRNPC
1327,ProteomicsDB_2020,Mixed PDB:200045 4Skin mix1 4Skin iPS,9/365,3.4234733909414265e-06,9.14752090059549e-05,0,0,8.533175125920186,107.3887708889014,COL1A1;CRTAP;COL1A2;COL5A1;WNT5A;COL5A2;HNRNPU;LAMB1;HNRNPC
1328,ProteomicsDB_2020,Mixed PDB:200045 4Skin mix1 4Skin Fibro,9/371,3.908834184405389e-06,9.867563938132811e-05,0,0,8.389169365593446,104.46421368528571,COL1A1;CRTAP;COL1A2;COL5A1;WNT5A;COL5A2;HNRNPU;LAMB1;HNRNPC
1329,ProteomicsDB_2020,Glioma U-251 MG BTO:0002035 U251 NCI60,7/195,3.988386621700388e-06,9.867563938132811e-05,0,0,12.253102836879432,152.33209096477785,VCP;COL5A1;COL7A1;COL5A2;TGFBI;PTMA;NES
1330,ProteomicsDB_2020,Mixed PDB:200045 gcpool scxfrac rep1,6/138,6.8338933263443134e-06,0.0001574151979999311,0,0,14.7548435171386,175.48844313432517,SET;GOLM1;TGFBI;AGRN;B2M;FSTL1
1331,ProteomicsDB_2020,Gastric HFE-145 PDB:200047 HFE-145 scxfrac rep1,6/138,6.8338933263443134e-06,0.0001574151979999311,0,0,14.7548435171386,175.48844313432517,SET;GOLM1;TGFBI;AGRN;B2M;FSTL1
1332,ProteomicsDB_2020,Lung NCI-H23 BTO:0003238 P003198,8/304,7.784248274956915e-06,0.00017332926158904064,0,0,8.99541914796152,105.8167884293848,HSPA8;ATP5F1B;ANP32A;EEF1D;CANX;SSBP1;IPO7;PTMS
1333,ProteomicsDB_2020,Melanoma UACC-257 BTO:0004233 P001897,10/527,9.54384921390887e-06,0.00018880549315795656,0,0,6.588618548304998,76.16188505281318,HSPA8;IGSF8;VCP;ATP5F1B;COL14A1;CANX;P3H1;CALR;PTGFRN;HSP90B1
1334,ProteomicsDB_2020,Mixed PDB:200045 IMR90 mix1 IMR90 Fibro,7/223,9.609860430195393e-06,0.00018880549315795656,0,0,10.649614197530864,123.03202007458292,COL1A1;NPM1;COL1A2;ATP5F1B;COL7A1;HNRNPU;HNRNPC
1335,ProteomicsDB_2020,Mixed PDB:200045 IMR90 mix1 IMR90 iPS,7/223,9.609860430195393e-06,0.00018880549315795656,0,0,10.649614197530864,123.03202007458292,COL1A1;NPM1;COL1A2;ATP5F1B;COL7A1;HNRNPU;HNRNPC
1336,ProteomicsDB_2020,Embryonic stem HES-3 PDB:200034 IMR90 mix1 hESC,7/223,9.609860430195393e-06,0.00018880549315795656,0,0,10.649614197530864,123.03202007458292,COL1A1;NPM1;COL1A2;ATP5F1B;COL7A1;HNRNPU;HNRNPC
1337,ProteomicsDB_2020,Breast MDA-MB-231 BTO:0000815 P002772-1,7/229,1.1420196056523928e-05,0.00021190808238216624,0,0,10.358633633633634,117.882568224571,HSPA8;VCP;COL1A2;ANP32A;CALR;IPO7;HSP90B1
1338,ProteomicsDB_2020,Breast MDA-MB-231 BTO:0000815 P002772-2,7/229,1.1420196056523928e-05,0.00021190808238216624,0,0,10.358633633633634,117.882568224571,HSPA8;VCP;COL1A2;ANP32A;CALR;IPO7;HSP90B1
1339,ProteomicsDB_2020,Bone U2-OS BTO:0001938 MEM BioRep2 heavy,8/328,1.3512622487006684e-05,0.0002314469697774478,0,0,8.310593220338983,93.17742635777084,CRTAP;NPM1;SET;ATP5F1B;CAPRIN1;NCL;P3H1;CALR
1340,ProteomicsDB_2020,Bone U2-OS BTO:0001938 MEM BioRep2 light,8/328,1.3512622487006684e-05,0.0002314469697774478,0,0,8.310593220338983,93.17742635777084,CRTAP;NPM1;SET;ATP5F1B;CAPRIN1;NCL;P3H1;CALR
1341,ProteomicsDB_2020,Bone U2-OS BTO:0001938 MEM BioRep2 medium,8/328,1.3512622487006684e-05,0.0002314469697774478,0,0,8.310593220338983,93.17742635777084,CRTAP;NPM1;SET;ATP5F1B;CAPRIN1;NCL;P3H1;CALR
1342,ProteomicsDB_2020,Bone U2-OS BTO:0001938 NUC BioRep3 heavy,6/164,1.8307292379109533e-05,0.00029117312641059926,0,0,12.31064536210832,134.28711822500068,NPM1;HNRNPK;NCL;HNRNPU;HNRNPC;DBN1
1343,ProteomicsDB_2020,Bone U2-OS BTO:0001938 NUC BioRep3 light,6/164,1.8307292379109533e-05,0.00029117312641059926,0,0,12.31064536210832,134.28711822500068,NPM1;HNRNPK;NCL;HNRNPU;HNRNPC;DBN1
1344,ProteomicsDB_2020,Bone U2-OS BTO:0001938 NUC BioRep3 medium,6/164,1.8307292379109533e-05,0.00029117312641059926,0,0,12.31064536210832,134.28711822500068,NPM1;HNRNPK;NCL;HNRNPU;HNRNPC;DBN1
1345,ProteomicsDB_2020,Ovary SKOV-3 BTO:0000948 P003816,9/452,1.901166908467755e-05,0.0002953440685712698,0,0,6.826885654238343,74.2113710783546,CRTAP;ATP5F1B;ASPH;COL7A1;CANX;P3H1;CALR;LAMC1;HSP90B1
1346,ProteomicsDB_2020,Hematopoietic JURKAT BTO:0000661 Low coverage proteome bortezomib R2,6/167,2.02855124658405e-05,0.0003011271628262546,0,0,12.079421647490072,130.52544201992242,HNRNPK;ANP32A;HNRNPU;RPLP2;HNRNPC;CCT5
1347,ProteomicsDB_2020,Hematopoietic JURKAT BTO:0000661 Low coverage proteome untreated R2,6/167,2.02855124658405e-05,0.0003011271628262546,0,0,12.079421647490072,130.52544201992242,HNRNPK;ANP32A;HNRNPU;RPLP2;HNRNPC;CCT5
1348,ProteomicsDB_2020,Breast BT-549 BTO:0002548 BT549 NCI60,6/171,2.318775130815745e-05,0.00033672647551846047,0,0,11.784202682563338,125.75967210211284,VCP;COL5A1;COL5A2;LAMB1;LAMC1;FSTL1
1349,ProteomicsDB_2020,Bone U2-OS BTO:0001938 MEM BioRep3 heavy,8/376,3.5903344264300496e-05,0.0004894578360929129,0,0,7.208916728076639,73.78095666457106,NPM1;VCP;ATP5F1B;PLSCR3;NCL;CANX;P3H1;CALR
1350,ProteomicsDB_2020,Bone U2-OS BTO:0001938 MEM BioRep3 light,8/376,3.5903344264300496e-05,0.0004894578360929129,0,0,7.208916728076639,73.78095666457106,NPM1;VCP;ATP5F1B;PLSCR3;NCL;CANX;P3H1;CALR
1351,ProteomicsDB_2020,Bone U2-OS BTO:0001938 MEM BioRep3 medium,8/376,3.5903344264300496e-05,0.0004894578360929129,0,0,7.208916728076639,73.78095666457106,NPM1;VCP;ATP5F1B;PLSCR3;NCL;CANX;P3H1;CALR
1352,ProteomicsDB_2020,Mixed PDB:200045 mix-pool AC fluid and CSF,7/286,4.746682323458257e-05,0.0006341567584140231,0,0,8.218518518518518,81.8192930356565,COL1A1;IGSF8;GOLM1;LAMB1;TGFBI;GAS6;AGRN
1353,ProteomicsDB_2020,Lung non-small lung cancer BTO:0002553 P005584-I,7/289,5.070192753261693e-05,0.0006640958351331001,0,0,8.1298463356974,80.40049442913451,COL1A1;POSTN;COL1A2;COL5A1;COL14A1;TGFBI;AGRN
1354,ProteomicsDB_2020,Bone U2-OS BTO:0001938 NUC BioRep2 heavy,7/292,5.411582159860285e-05,0.0006694327560716057,0,0,8.043040935672515,79.01792238922316,NPM1;HNRNPK;NCL;SRSF2;P3H1;HNRNPC;DBN1
1355,ProteomicsDB_2020,Bone U2-OS BTO:0001938 NUC BioRep2 light,7/292,5.411582159860285e-05,0.0006694327560716057,0,0,8.043040935672515,79.01792238922316,NPM1;HNRNPK;NCL;SRSF2;P3H1;HNRNPC;DBN1
1356,ProteomicsDB_2020,Bone U2-OS BTO:0001938 NUC BioRep2 medium,7/292,5.411582159860285e-05,0.0006694327560716057,0,0,8.043040935672515,79.01792238922316,NPM1;HNRNPK;NCL;SRSF2;P3H1;HNRNPC;DBN1
1357,ProteomicsDB_2020,Melanoma SK-MEL-28 BTO:0002131 P001360,9/522,5.8402413190044273e-05,0.000703294623098646,0,0,5.87416817906836,57.262292197015256,IGSF8;VCP;HNRNPK;ATP5F1B;CANX;P3H1;CALR;SSBP1;HSP90B1
1358,ProteomicsDB_2020,Colon HCT-15 BTO:0002201 P003208,7/296,5.89588306789284e-05,0.000703294623098646,0,0,7.930103806228374,77.22867309654421,HSPA8;HNRNPK;ATP5F1B;CANX;IPO7;EIF3A;HSP90B1
1359,ProteomicsDB_2020,Colon KM-12 BTO:0003172 KM12 NCI60,5/129,7.240264092843747e-05,0.0008485081428104601,0,0,12.883064516129032,122.81770388923697,SET;EEF1D;NCL;HNRNPC;PTMA
1360,ProteomicsDB_2020,Lung NCI-H226 BTO:0003008 P001566,8/419,7.682403491798881e-05,0.0008848009538830436,0,0,6.440513010845808,61.01737525915305,COL1A1;CRTAP;ATP5F1B;COL5A1;COL7A1;CANX;SSBP1;GAS6
1361,ProteomicsDB_2020,Hematopoietic JURKAT BTO:0000661 Low coverage proteome bortezomib R1,5/135,8.980369172083063e-05,0.0009880515379405452,0,0,12.284739454094291,114.46778301445272,HSPA8;HNRNPK;ANP32A;NCL;PTMA
1362,ProteomicsDB_2020,Hematopoietic JURKAT BTO:0000661 Low coverage proteome untreated R1,5/135,8.980369172083063e-05,0.0009880515379405452,0,0,12.284739454094291,114.46778301445272,HSPA8;HNRNPK;ANP32A;NCL;PTMA
1363,ProteomicsDB_2020,Human fetal fibroblast NFF PDB:200043 4plex protein C-4,15/1484,9.248079169254572e-05,0.0009880515379405452,0,0,3.625700371786144,33.67735268245873,IGSF8;CRTAP;POSTN;GOLM1;WNT5A;P3H1;LAMC1;FSTL1;COL1A1;AKAP12;COL1A2;COL5A1;ASPH;COL5A2;GAS6
1364,ProteomicsDB_2020,Human iPS iPS DF19.7 PDB:200040 4plex protein C-3,15/1484,9.248079169254572e-05,0.0009880515379405452,0,0,3.625700371786144,33.67735268245873,IGSF8;CRTAP;POSTN;GOLM1;WNT5A;P3H1;LAMC1;FSTL1;COL1A1;AKAP12;COL1A2;COL5A1;ASPH;COL5A2;GAS6
1365,ProteomicsDB_2020,Embryonic stem hES H9 PDB:200038 4plex protein C-2,15/1485,9.318450133271608e-05,0.0009880515379405452,0,0,3.623037676609105,33.62515596560273,IGSF8;CRTAP;POSTN;GOLM1;WNT5A;P3H1;LAMC1;FSTL1;COL1A1;AKAP12;COL1A2;COL5A1;ASPH;COL5A2;GAS6
1366,ProteomicsDB_2020,Embryonic stem hES H1 PDB:200035 4plex protein C-1,15/1495,0.00010048467683305924,0.001048808814445,0,0,3.596608627858628,33.10859982682486,IGSF8;CRTAP;POSTN;GOLM1;WNT5A;P3H1;LAMC1;FSTL1;COL1A1;AKAP12;COL1A2;COL5A1;ASPH;COL5A2;GAS6
1367,ProteomicsDB_2020,Cervix HeLa BTO:0000567 GluC R2,14/1328,0.0001063269148856272,0.0010927135252861,0,0,3.742942477240746,34.24415118215341,CRTAP;VCP;COL14A1;WNT5A;HNRNPU;LAMB1;IPO7;COL5A1;ASPH;COL7A1;CAPRIN1;NCL;CALR;CCT5
1368,ProteomicsDB_2020,Mixed PDB:200045 4Skin mix2 4Skin Fibro,8/445,0.00011657956500225636,0.0011452227856104,0,0,6.04925726253733,54.787739241822784,COL1A1;COL1A2;COL5A1;COL14A1;WNT5A;COL5A2;HNRNPU;LAMB1
1369,ProteomicsDB_2020,Mixed PDB:200045 4Skin mix2 4Skin iPS,8/445,0.00011657956500225636,0.0011452227856104,0,0,6.04925726253733,54.787739241822784,COL1A1;COL1A2;COL5A1;COL14A1;WNT5A;COL5A2;HNRNPU;LAMB1
1370,ProteomicsDB_2020,Embryonic stem HES-3 PDB:200034 4Skin mix2 hESC,8/445,0.00011657956500225636,0.0011452227856104,0,0,6.04925726253733,54.787739241822784,COL1A1;COL1A2;COL5A1;COL14A1;WNT5A;COL5A2;HNRNPU;LAMB1
1371,ProteomicsDB_2020,Melanoma UACC-62 BTO:0004152 P001891,8/448,0.0001221005777896483,0.001182075158891,0,0,6.007087827426811,54.127858710214326,CRTAP;P3H1;LAMB1;CALR;LAMC1;PTGFRN;SSBP1;HSP90B1
1372,ProteomicsDB_2020,Hematopoietic CCRF-CEM BTO:0000736 CCRFCEM NCI60,6/240,0.00015187152130745026,0.0014492882319053,0,0,8.280369903320723,72.80495074051535,HNRNPK;SET;CLEC11A;SRSF2;HNRNPC;PTMA
1373,ProteomicsDB_2020,Brain SF-295 BTO:0004213 P003360,8/470,0.0001695816754169786,0.0015944306491082,0,0,5.71457920610463,49.61498178378906,COL5A1;CANX;LAMB1;TGFBI;CALR;PTGFRN;SSBP1;B2M
1374,ProteomicsDB_2020,Melanoma A-375 BTO:0002806 3hrs 15cm,5/155,0.00017185480050269092,0.0015944306491082,0,0,10.636021505376345,92.20218798991708,NPM1;VCP;HNRNPU;RPLP2;NES
1375,ProteomicsDB_2020,Colon Colo-205 BTO:0000179 P002527-2,6/250,0.0001895054272689101,0.0017285970091575,0,0,7.936979306638,68.0285869342391,HSPA8;ANP32A;CANX;CALR;PTMA;HSP90B1
1376,ProteomicsDB_2020,Colon Colo-205 BTO:0000179 P002527-1,6/252,0.00019784682251139756,0.0017285970091575,0,0,7.871651339464214,67.12957998602786,HSPA8;ANP32A;CANX;CALR;PTMA;HSP90B1
1377,ProteomicsDB_2020,Lung A-549 BTO:0000018 P001906,7/360,0.00019867219187702157,0.0017285970091575,0,0,6.471199244570349,55.15955995021471,HSPA8;POSTN;ASPH;COL7A1;CANX;HSP90B1;PTMS
1378,ProteomicsDB_2020,Hematopoietic K-562 BTO:0000664 24h P003687-1,5/160,0.00019925444566636308,0.0017285970091575,0,0,10.290322580645162,87.68309707111584,SET;NCL;HNRNPU;PTMA;CCT5
1379,ProteomicsDB_2020,Hematopoietic K-562 BTO:0000664 24h P003687-2,5/160,0.00019925444566636308,0.0017285970091575,0,0,10.290322580645162,87.68309707111584,SET;NCL;HNRNPU;PTMA;CCT5
1380,ProteomicsDB_2020,Lung NCI-H460 BTO:0002207 P003814,7/373,0.00024662812740149553,0.0021121485782589,0,0,6.237204007285975,51.81637634661687,ATP5F1B;ASPH;ANP32A;GOLM1;COL5A2;CANX;SSBP1
1381,ProteomicsDB_2020,Melanoma A-375 BTO:0002806 3hrs 50cm 400to1200 Rep3,5/168,0.0002498809431156927,0.0021129173417883,0,0,9.781318028893727,81.13139651978311,NPM1;VCP;RPLP2;NES;PTMS
1382,ProteomicsDB_2020,Brain GaMG BTO:0004860 GAMG R2,8/505,0.00027585046968002324,0.0023033514218281,0,0,5.302595232411417,43.4582231832938,CRTAP;VCP;COL5A1;P3H1;LAMB1;TGFBI;PTGFRN;B2M
1383,ProteomicsDB_2020,Melanoma A-375 BTO:0002806 4hrs 15cm,5/174,0.0002938587493154662,0.002423427710404,0,0,9.431189158236304,76.69830975991975,NPM1;HNRNPK;SRSF2;RPLP2;NES
1384,ProteomicsDB_2020,Hematopoietic JURKAT BTO:0000661 Low coverage proteome bortezomib R3,5/176,0.0003097496063555668,0.002492924542717,0,0,9.319939634031314,75.30274785165695,HNRNPK;ANP32A;SRSF2;HNRNPU;CCT5
1385,ProteomicsDB_2020,Hematopoietic JURKAT BTO:0000661 Low coverage proteome untreated R3,5/176,0.0003097496063555668,0.002492924542717,0,0,9.319939634031314,75.30274785165695,HNRNPK;ANP32A;SRSF2;HNRNPU;CCT5
1386,ProteomicsDB_2020,Bone U2-OS BTO:0001938 U2OS R1,6/284,0.0003754495494725953,0.0029857178458058,0,0,6.954239886779101,54.85077746266649,COL1A1;VCP;EEF1D;P3H1;HNRNPU;CCT5
1387,ProteomicsDB_2020,Melanoma A-375 BTO:0002806 ProteaseMax Rep1,5/187,0.0004091194591980138,0.0032151976322855,0,0,8.75177242112726,68.27698202192032,NPM1;SRSF2;RPLP2;NES;PTMS
1388,ProteomicsDB_2020,Melanoma A-375 BTO:0002806 DEWinfluence TracePeakMethod,5/188,0.0004192187370298847,0.0032368309121631,0,0,8.703507844174158,67.68820515805143,VCP;HNRNPK;RPLP2;HNRNPC;NES
1389,ProteomicsDB_2020,Hematopoietic K-562 BTO:0000664 0h P003683-1,4/105,0.0004264088626801793,0.0032368309121631,0,0,12.467075278956466,96.74589923580432,NPM1;SET;CLEC11A;PTMA
1390,ProteomicsDB_2020,Hematopoietic K-562 BTO:0000664 0h P003683-2,4/105,0.0004264088626801793,0.0032368309121631,0,0,12.467075278956466,96.74589923580432,NPM1;SET;CLEC11A;PTMA
1391,ProteomicsDB_2020,Ovary IGROV-1 BTO:0002575 IGROV1 NCI60,5/202,0.0005813160116816645,0.0043146566200372,0,0,8.079253315867037,60.19218263723092,SRSF2;LAMB1;LAMC1;AGRN;PTMA
1392,ProteomicsDB_2020,Prostate PC-3 BTO:0001061 PC3 NCI60,5/202,0.0005813160116816645,0.0043146566200372,0,0,8.079253315867037,60.19218263723092,HNRNPK;SET;NCL;PTMA;NES
1393,ProteomicsDB_2020,Brain SNB-19 BTO:0003761 P001899,7/434,0.0006115136874523877,0.0044889136617384,0,0,5.329508196721312,39.436086126535656,CRTAP;HNRNPK;COL14A1;CANX;P3H1;CALR;PTGFRN
1394,ProteomicsDB_2020,Hematopoietic JURKAT BTO:0000661 Jurkat R2,6/329,0.0008129726873821773,0.0059028886431662,0,0,5.971679439679237,42.487382771041,HNRNPK;ATP5F1B;ANP32A;CLEC11A;HNRNPU;HNRNPC
1395,ProteomicsDB_2020,Glioma SF-268 BTO:0003772 P003376,5/222,0.0008893724527157856,0.0063807293906599,0,0,7.327188940092165,51.473461662081846,VCP;COL5A1;COL7A1;RANGAP1;IPO7
1396,ProteomicsDB_2020,Colon Colo-205 BTO:0000179 P002529-1,5/223,0.000907439060048941,0.0063807293906599,0,0,7.293208049718852,51.08807743760941,HSPA8;ANP32A;CLEC11A;CANX;PTMA
1397,ProteomicsDB_2020,Colon Colo-205 BTO:0000179 P002529-2,5/223,0.000907439060048941,0.0063807293906599,0,0,7.293208049718852,51.08807743760941,HSPA8;ANP32A;CLEC11A;CANX;PTMA
1398,ProteomicsDB_2020,Embryonic stem hES H1 PDB:200035 4plex protein A-1,12/1271,0.0009514026959586928,0.0066201770927125,0,0,3.2361614557007727,22.515830021841,COL1A1;CRTAP;COL1A2;COL5A1;ASPH;TSPAN6;WNT5A;P3H1;LAMC1;GAS6;RANGAP1;FSTL1
1399,ProteomicsDB_2020,Embryonic stem hES H9 PDB:200038 4plex protein A-2,12/1275,0.0009777829323377475,0.0066648877428736,0,0,3.2252213344849925,22.35150263093167,COL1A1;CRTAP;COL1A2;COL5A1;ASPH;TSPAN6;WNT5A;P3H1;LAMC1;GAS6;RANGAP1;FSTL1
1400,ProteomicsDB_2020,Human fetal fibroblast NFF PDB:200043 4plex protein A-4,12/1275,0.0009777829323377475,0.0066648877428736,0,0,3.2252213344849925,22.35150263093167,COL1A1;CRTAP;COL1A2;COL5A1;ASPH;TSPAN6;WNT5A;P3H1;LAMC1;GAS6;RANGAP1;FSTL1
1401,ProteomicsDB_2020,Cervix HeLa BTO:0000567 LysC R1,11/1102,0.0010137702951481,0.0068403894662519,0,0,3.3923988477150715,23.387465427891705,HSPA8;VCP;COL5A1;ASPH;COL7A1;NCL;P3H1;LAMB1;IPO7;DBN1;HSP90B1
1402,ProteomicsDB_2020,Embryonic stem hES H1 PDB:200035 4plex protein B-1,13/1476,0.0010832835896596,0.0070693873620856,0,0,3.0392901445533025,20.751539086831563,IGSF8;CRTAP;WNT5A;LAMC1;FSTL1;COL1A1;COL1A2;COL5A1;PLSCR3;ASPH;TSPAN6;COL5A2;DBN1
1403,ProteomicsDB_2020,Human iPS iPS DF19.7 PDB:200040 4plex protein B-3,13/1476,0.0010832835896596,0.0070693873620856,0,0,3.0392901445533025,20.751539086831563,IGSF8;CRTAP;WNT5A;LAMC1;FSTL1;COL1A1;COL1A2;COL5A1;PLSCR3;ASPH;TSPAN6;COL5A2;DBN1
1404,ProteomicsDB_2020,Embryonic stem hES H9 PDB:200038 4plex protein B-2,13/1477,0.0010900402669084,0.0070693873620856,0,0,3.03704968629832,20.71735786474844,IGSF8;CRTAP;WNT5A;LAMC1;FSTL1;COL1A1;COL1A2;COL5A1;PLSCR3;ASPH;TSPAN6;COL5A2;DBN1
1405,ProteomicsDB_2020,Human fetal fibroblast NFF PDB:200043 4plex protein B-4,13/1477,0.0010900402669084,0.0070693873620856,0,0,3.03704968629832,20.71735786474844,IGSF8;CRTAP;WNT5A;LAMC1;FSTL1;COL1A1;COL1A2;COL5A1;PLSCR3;ASPH;TSPAN6;COL5A2;DBN1
1406,ProteomicsDB_2020,Human iPS iPS DF19.7 PDB:200040 4plex protein A-3,12/1306,0.0012038022938555,0.0077321147336106,0,0,3.1427286778136856,21.1262711909134,COL1A1;CRTAP;COL1A2;COL5A1;ASPH;TSPAN6;WNT5A;P3H1;LAMC1;GAS6;RANGAP1;FSTL1
1407,ProteomicsDB_2020,Melanoma SK-MEL-2 BTO:0003476 P001749,6/358,0.0012561325004995,0.0079913953365114,0,0,5.471590909090909,36.54868276557082,ASPH;GOLM1;LAMB1;LAMC1;HSP90B1;PTMS
1408,ProteomicsDB_2020,Colon Colo-205 BTO:0000179 P002528-1,5/242,0.0013054233767426,0.0081497459407858,0,0,6.702055260650606,44.50987614443903,HSPA8;CLEC11A;CANX;CALR;HSP90B1
1409,ProteomicsDB_2020,Colon Colo-205 BTO:0000179 P002528-2,5/242,0.0013054233767426,0.0081497459407858,0,0,6.702055260650606,44.50987614443903,HSPA8;CLEC11A;CANX;CALR;HSP90B1
1410,ProteomicsDB_2020,Melanoma A-375 BTO:0002806 SDC Rep1,4/146,0.0014622588960952,0.0090443420610338,0,0,8.849094567404427,57.76487926258759,SET;COL7A1;RPLP2;PTMS
1411,ProteomicsDB_2020,Brain GaMG BTO:0004860 GAMG R1,6/376,0.0016121560994198,0.0098800025175457,0,0,5.200620292423571,33.44093917300668,VCP;COL5A1;P3H1;LAMB1;PTGFRN;B2M
1412,ProteomicsDB_2020,Bone U2-OS BTO:0001938 CYTO BioRep1 heavy,5/261,0.0018199082122276,0.0108544525515005,0,0,6.198651713709677,39.10710281774985,HSPA8;VCP;RANGAP1;EIF3A;CCT5
1413,ProteomicsDB_2020,Bone U2-OS BTO:0001938 CYTO BioRep1 light,5/261,0.0018199082122276,0.0108544525515005,0,0,6.198651713709677,39.10710281774985,HSPA8;VCP;RANGAP1;EIF3A;CCT5
1414,ProteomicsDB_2020,Bone U2-OS BTO:0001938 CYTO BioRep1 medium,5/261,0.0018199082122276,0.0108544525515005,0,0,6.198651713709677,39.10710281774985,HSPA8;VCP;RANGAP1;EIF3A;CCT5
1415,ProteomicsDB_2020,Melanoma A-375 BTO:0002806 5hrs 50cm 300to1650 ,4/157,0.0019078710994773,0.0112783884464679,0,0,8.208320365183111,51.398591772891656,NPM1;HNRNPK;RPLP2;NES
1416,ProteomicsDB_2020,Renal TK-10 BTO:0004283 P003203,5/265,0.0019448231047631,0.0113959809998404,0,0,6.102047146401985,38.09254343790588,ANP32A;COL14A1;CANX;LAMB1;SSBP1
1417,ProteomicsDB_2020,Lung NCI-H460 BTO:0002207 P003381,6/392,0.0019890277519254,0.0115536568546627,0,0,4.980973413743311,30.982199185898413,ASPH;ANP32A;COL5A2;CANX;SSBP1;HSP90B1
1418,ProteomicsDB_2020,Melanoma A-375 BTO:0002806 3hrs 50cm 300to1650 Rep4,4/161,0.0020909121920023,0.0120407702091167,0,0,7.997573551713679,49.34626726009861,NPM1;HNRNPK;RPLP2;NES
1419,ProteomicsDB_2020,Ovary OVCAR-3 BTO:0000812 P001747,6/398,0.0021463553891494,0.0122544051277932,0,0,4.90322850451656,30.12535769143681,AKAP12;ATP5F1B;ANP32A;AGRN;HSP90B1;PTMS
1420,ProteomicsDB_2020,Melanoma A-375 BTO:0002806 5hrs 15cm,4/164,0.0022359210334751,0.0126575868674694,0,0,7.8464285714285715,47.88755422327572,NPM1;SRSF2;RPLP2;NES
1421,ProteomicsDB_2020,Lung non-small lung cancer BTO:0002553 P005586-I,5/281,0.0025080314469402,0.0140786975340845,0,0,5.743630201028518,34.39433443238773,COL1A1;POSTN;COL14A1;TGFBI;AGRN
1422,ProteomicsDB_2020,Melanoma A-375 BTO:0002806 DEWinfluence 30s,4/170,0.0025465049857568,0.0141755444207132,0,0,7.560527825588067,45.15928563028656,NPM1;HNRNPK;RPLP2;NES
1423,ProteomicsDB_2020,Melanoma SK-MEL-5 BTO:0002134 P001570,6/414,0.002612069080606,0.0144203483127671,0,0,4.707087753134041,27.99593452642922,HSPA8;ATP5F1B;CANX;CALR;IPO7;HSP90B1
1424,ProteomicsDB_2020,Cervix HeLa BTO:0000567 LysC R2,13/1632,0.002667985802127,0.0146083157034496,0,0,2.7232402260197195,16.139096582619107,CRTAP;VCP;COL14A1;WNT5A;P3H1;LAMB1;RANGAP1;COL5A1;ASPH;COL7A1;CAPRIN1;DBN1;CCT5
1425,ProteomicsDB_2020,Lung HOP-92 BTO:0004085 P003364,6/422,0.0028716517889557,0.0150590564038804,0,0,4.614675283732661,27.00908473808155,ATP5F1B;ASPH;CANX;CALR;SSBP1;HSP90B1
1426,ProteomicsDB_2020,Lymphoblastoid BTO:0000773 X126.126 HM60.GM12878,4/176,0.0028855676941567,0.0150590564038804,0,0,7.294573643410852,42.65891193922996,UBE2R2;NCL;HNRNPC;B2M
1427,ProteomicsDB_2020,Lymphoblastoid BTO:0000773 X128.126 HM60.GM11829,4/176,0.0028855676941567,0.0150590564038804,0,0,7.294573643410852,42.65891193922996,UBE2R2;NCL;HNRNPC;B2M
1428,ProteomicsDB_2020,Lymphoblastoid BTO:0000773 X129.126 HM60.GM18572,4/176,0.0028855676941567,0.0150590564038804,0,0,7.294573643410852,42.65891193922996,UBE2R2;NCL;HNRNPC;B2M
1429,ProteomicsDB_2020,Lymphoblastoid BTO:0000773 X130.126 HM60.GM12762,4/176,0.0028855676941567,0.0150590564038804,0,0,7.294573643410852,42.65891193922996,UBE2R2;NCL;HNRNPC;B2M
1430,ProteomicsDB_2020,Lymphoblastoid BTO:0000773 X131.126 HM60.GM18558,4/176,0.0028855676941567,0.0150590564038804,0,0,7.294573643410852,42.65891193922996,UBE2R2;NCL;HNRNPC;B2M
1431,ProteomicsDB_2020,Lymphoblastoid BTO:0000773 X127.126 HM60.GM12812,4/177,0.0029449351299791,0.0152497416033029,0,0,7.252041471694651,42.26249356764061,UBE2R2;NCL;HNRNPC;B2M
1432,ProteomicsDB_2020,Glioma SF-268 BTO:0003772 SF268 NCI60,4/178,0.0030051342174233,0.0153238905132732,0,0,7.209998175515417,41.87158167540655,COL1A1;COL5A1;COL5A2;FSTL1
1433,ProteomicsDB_2020,Melanoma A-375 BTO:0002806 DEWinfluence 90s Rep2,4/178,0.0030051342174233,0.0153238905132732,0,0,7.209998175515417,41.87158167540655,NPM1;HNRNPK;RPLP2;NES
1434,ProteomicsDB_2020,Breast MCF-7 BTO:0000093 MDAMB453 R1-2,5/295,0.0030909702861625,0.0156421829633072,0,0,5.462458286985539,31.569022554561712,NPM1;HNRNPK;ATP5F1B;EEF1D;HNRNPC
1435,ProteomicsDB_2020,Breast MDA-MB-453 BTO:0001908 MDAMB453 R1-1,5/296,0.0031360478095321,0.0157509769681764,0,0,5.443409821527547,31.380125017485625,NPM1;HNRNPK;ATP5F1B;EEF1D;HNRNPC
1436,ProteomicsDB_2020,Breast MDA-MB-231 BTO:0000815 P002743-1,4/185,0.0034502931532832,0.016947028135244,0,0,6.928702972901868,39.28086860086508,HSPA8;COL1A2;CALR;IPO7
1437,ProteomicsDB_2020,Breast MDA-MB-231 BTO:0000815 P002743-2,4/185,0.0034502931532832,0.016947028135244,0,0,6.928702972901868,39.28086860086508,HSPA8;COL1A2;CALR;IPO7
1438,ProteomicsDB_2020,Colon HCT-15 BTO:0002201 HCT15 NCI60,4/185,0.0034502931532832,0.016947028135244,0,0,6.928702972901868,39.28086860086508,NCL;HNRNPC;PTMA;CCT5
1439,ProteomicsDB_2020,Hematopoietic HL-60 BTO:0000738 HL60 NCI60,4/186,0.0035173502626222,0.0171502917914722,0,0,6.890284318855747,38.93043258169265,CLEC11A;SRSF2;CALR;PTMA
1440,ProteomicsDB_2020,Melanoma MALME-3M BTO:0004162 P003199,6/442,0.0036052709481376,0.0174516014011299,0,0,4.398480974582644,24.74303168685736,IGSF8;ATP5F1B;ANP32A;CALR;SSBP1;HSP90B1
1441,ProteomicsDB_2020,Hematopoietic K-562 BTO:0000664 3h P003684-1,4/191,0.0038659858766618,0.0182084169975494,0,0,6.704354469060352,37.246299715249705,NPM1;SET;NCL;HNRNPU
1442,ProteomicsDB_2020,Hematopoietic K-562 BTO:0000664 3h P003684-2,4/191,0.0038659858766618,0.0182084169975494,0,0,6.704354469060352,37.246299715249705,NPM1;SET;NCL;HNRNPU
1443,ProteomicsDB_2020,Hematopoietic K-562 BTO:0000664 P001673-1,5/311,0.0038706515174431,0.0182084169975494,0,0,5.172622812565886,28.730466663662643,HSPA8;SET;ANP32A;SSBP1;IPO7
1444,ProteomicsDB_2020,Hematopoietic K-562 BTO:0000664 P001673-2,5/311,0.0038706515174431,0.0182084169975494,0,0,5.172622812565886,28.730466663662643,HSPA8;SET;ANP32A;SSBP1;IPO7
1445,ProteomicsDB_2020,Cervix HeLa BTO:0000567 HeLa R2,5/327,0.004782521938414,0.0223407318521718,0,0,4.911590863554398,26.24158513846286,HNRNPK;COL5A2;HNRNPU;SSBP1;IPO7
1446,ProteomicsDB_2020,Hematopoietic K-562 BTO:0000664 48h P003852-1,4/217,0.0060608085135949,0.0279215178419409,0,0,5.878232357105596,30.01373754073669,SET;SRSF2;HNRNPU;CCT5
1447,ProteomicsDB_2020,Hematopoietic K-562 BTO:0000664 48h P003852-2,4/217,0.0060608085135949,0.0279215178419409,0,0,5.878232357105596,30.01373754073669,SET;SRSF2;HNRNPU;CCT5
1448,ProteomicsDB_2020,Lung NCI-H226 BTO:0003008 NCIH226 NCI60,4/224,0.0067687851924893,0.0309695103327593,0,0,5.6891774891774896,28.41990865870364,COL1A1;GAS6;AGRN;B2M
1449,ProteomicsDB_2020,Colon NCI-H548 PDB:201060 NCI-H548 CRC65,5/370,0.0079770431974888,0.0362494207885887,0,0,4.323464427750773,20.88746713926684,SET;CLEC11A;CANX;PTMA;HSP90B1
1450,ProteomicsDB_2020,Hematopoietic MOLT-4 BTO:0000873 MOLT4 NCI60,5/373,0.0082442809742727,0.0372106735865825,0,0,4.287561360448808,20.572729275025583,SET;ANP32A;HNRNPC;PTMA;CCT5
1451,ProteomicsDB_2020,Colon HTC-116 BTO:0001109 P003205,5/380,0.008891980644087,0.0398647185922827,0,0,4.206021505376344,19.86338012474145,AKAP12;HSPA8;CANX;RANGAP1;PTMS
1452,ProteomicsDB_2020,Melanoma A-375 BTO:0002806 2hrs 25cm,3/136,0.010731615443145,0.0477914607734724,0,0,6.978383458646617,31.64390672927079,RPLP2;HNRNPC;NES
1453,ProteomicsDB_2020,Melanoma LOX-IMVI BTO:0004151 LOXIMVI NCI60,4/258,0.0109881825467931,0.0486099731209126,0,0,4.919135108111486,22.189898225191968,AKAP12;EEF1D;IPO7;CCT5
1971,Reactome_2022,Collagen Biosynthesis And Modifying Enzymes R-HSA-1650814,11/67,2.792653480747289e-16,9.858066787037932e-14,0,0,69.72161989795919,2497.035841524264,COL1A1;CRTAP;COL16A1;COL1A2;COL5A1;COL14A1;COL11A1;COL5A3;COL7A1;COL5A2;P3H1
1972,Reactome_2022,Extracellular Matrix Organization R-HSA-1474244,16/291,1.5408339375851277e-15,2.71957189983775e-13,0,0,22.426238859180035,764.8794528070396,CRTAP;COL16A1;COL14A1;COL11A1;P3H1;LAMB1;LAMC1;COL1A1;COL1A2;COL5A1;COL5A3;COL7A1;COL5A2;MFAP2;AGRN;FMOD
1973,Reactome_2022,Collagen Formation R-HSA-1474290,11/90,8.522162290671387e-15,1.0027744295356665e-12,0,0,49.36573236889693,1599.2575132166824,COL1A1;CRTAP;COL1A2;COL16A1;COL5A1;COL14A1;COL5A3;COL7A1;COL11A1;COL5A2;P3H1
1974,Reactome_2022,Collagen Chain Trimerization R-HSA-8948216,9/44,1.9630462198150083e-14,1.7323882889867445e-12,0,0,88.21773399014778,2784.301111579134,COL1A1;COL16A1;COL1A2;COL5A1;COL14A1;COL11A1;COL5A3;COL7A1;COL5A2
1975,Reactome_2022,Metabolism Of Proteins R-HSA-392499,25/1890,6.839276481819836e-10,4.6740225327570996e-08,0,0,5.76662836716456,121.69413288528088,PCSK1;SPON2;VCP;LAMC1;FSTL1;HSP90B1;RPLP2;B2M;CCT5;HSPA8;NPM1;GOLM1;LAMB1;IGF1;RANGAP1;HNRNPK;UBE2R2;EEF1D;COL7A1;CANX;TGFBI;HNRNPC;CALR;GAS6;EIF3A
1976,Reactome_2022,Assembly Of Collagen Fibrils And Other Multimeric Structures R-HSA-2022090,7/57,7.944514219983738e-10,4.6740225327570996e-08,0,0,46.39366666666667,972.1036296730914,COL1A1;COL1A2;COL5A1;COL11A1;COL5A3;COL7A1;COL5A2
1977,Reactome_2022,Regulation Of IGF Transport And Uptake By IGFBPs R-HSA-381426,7/123,1.7943575186849845e-07,9.048688629939993e-06,0,0,19.930890804597706,309.5954682919303,GOLM1;LAMB1;LAMC1;IGF1;GAS6;FSTL1;HSP90B1
1978,Reactome_2022,Scavenging By Class A Receptors R-HSA-3000480,4/19,4.291689484440836e-07,1.893707985009519e-05,0,0,84.3089947089947,1236.089174527399,COL1A1;COL1A2;CALR;HSP90B1
1979,Reactome_2022,Post-translational Protein Phosphorylation R-HSA-8957275,6/106,1.47521227630309e-06,5.786110372611008e-05,0,0,19.507868852459016,261.92647170607444,GOLM1;LAMB1;LAMC1;GAS6;FSTL1;HSP90B1
1980,Reactome_2022,Post-translational Protein Modification R-HSA-597592,17/1383,2.099647242551924e-06,7.411754766208292e-05,0,0,4.621361639824305,60.41848610340022,HSPA8;SPON2;NPM1;VCP;GOLM1;LAMB1;LAMC1;RANGAP1;FSTL1;HSP90B1;HNRNPK;UBE2R2;COL7A1;CANX;HNRNPC;CALR;GAS6
1981,Reactome_2022,Binding And Uptake Of Ligands By Scavenger Receptors R-HSA-2173782,4/41,1.060888471669014e-05,0.0003404487549992382,0,0,34.14157014157014,391.05135546024434,COL1A1;COL1A2;CALR;HSP90B1
1982,Reactome_2022,ECM Proteoglycans R-HSA-3000178,4/55,3.449195835974489e-05,0.0010146384417491,0,0,24.751945222533458,254.32089945698803,LAMB1;LAMC1;AGRN;FMOD
1983,Reactome_2022,Infectious Disease R-HSA-5663205,12/961,7.359532948404186e-05,0.0019983962544512,0,0,4.364555991953252,41.53716945851227,GGT5;PCSK1;NPM1;VCP;HNRNPK;WNT5A;CANX;RPLP2;CALR;AGRN;RANGAP1;B2M
1984,Reactome_2022,"Antigen Presentation: Folding, Assembly, Peptide Loading Of Class I MHC R-HSA-983170",3/28,0.0001108609643822226,0.0027952800304946,0,0,37.3275,339.95026649332107,CANX;CALR;B2M
1985,Reactome_2022,Virus Assembly And Release R-HSA-168268,2/6,0.00016439509275837475,0.003868764516247,0,0,153.3,1335.7393739315212,CANX;CALR
1986,Reactome_2022,N-glycan Trimming In ER And Calnexin/Calreticulin Cycle R-HSA-532668,3/35,0.00021780396225704773,0.0048052999172961,0,0,29.15185546875,245.8059719364344,VCP;CANX;CALR
1987,Reactome_2022,Defective B4GALT1 Causes B4GALT1-CDG (CDG-2d) R-HSA-3656244,2/8,0.0003055452634351024,0.0056533069478983,0,0,102.1897435897436,827.0637612734779,OGN;FMOD
1988,Reactome_2022,Defective CHST6 Causes MCDC1 R-HSA-3656225,2/8,0.0003055452634351024,0.0056533069478983,0,0,102.1897435897436,827.0637612734779,OGN;FMOD
1989,Reactome_2022,Defective ST3GAL3 Causes MCT12 And EIEE15 R-HSA-3656243,2/8,0.0003055452634351024,0.0056533069478983,0,0,102.1897435897436,827.0637612734779,OGN;FMOD
1990,Reactome_2022,Diseases Associated With Glycosaminoglycan Metabolism R-HSA-3560782,3/40,0.000324875938775388,0.0056533069478983,0,0,25.20608108108108,202.45693647070652,OGN;AGRN;FMOD
1991,Reactome_2022,Non-integrin membrane-ECM Interactions R-HSA-3000171,3/41,0.00034968665977437005,0.0056533069478983,0,0,24.54152960526316,195.31310226992036,LAMB1;LAMC1;AGRN
1992,Reactome_2022,mRNA Splicing - Major Pathway R-HSA-72163,5/181,0.0003523307446282245,0.0056533069478983,0,0,9.052877565982405,71.9788882384423,HSPA8;HNRNPK;SRSF2;HNRNPU;HNRNPC
1993,Reactome_2022,ATF6 (ATF6-alpha) Activates Chaperone Genes R-HSA-381183,2/9,0.00039199458726740105,0.0060162647524083,0,0,87.58681318681319,687.0539564758948,CALR;HSP90B1
1994,Reactome_2022,mRNA Splicing R-HSA-72172,5/189,0.00042950527407661866,0.0063173067395436,0,0,8.655767882187938,67.10709972389938,HSPA8;HNRNPK;SRSF2;HNRNPU;HNRNPC
1995,Reactome_2022,HuR (ELAVL1) Binds And Stabilizes mRNA R-HSA-450520,2/10,0.0004889339976743091,0.0066704355145554,0,0,76.63461538461539,584.2073646335838,SET;ANP32A
1996,Reactome_2022,Degradation Of Extracellular Matrix R-HSA-1474228,4/109,0.0004913068650947357,0.0066704355145554,0,0,11.989720332577477,91.34298470034928,COL16A1;COL14A1;LAMB1;LAMC1
1997,Reactome_2022,Disease R-HSA-1643685,15/1736,0.0005125007864835704,0.0067004732455074,0,0,3.052563357618558,23.126855883967185,GGT5;PCSK1;SPON2;NPM1;VCP;WNT5A;RANGAP1;HNRNPK;OGN;CANX;RPLP2;CALR;AGRN;FMOD;B2M
1998,Reactome_2022,ATF6 (ATF6-alpha) Activates Chaperones R-HSA-381033,2/11,0.0005962943570062423,0.0075175681436858,0,0,68.11623931623932,505.7478274154551,CALR;HSP90B1
1999,Reactome_2022,Keratan Sulfate Degradation R-HSA-2022857,2/12,0.0007140068594000316,0.0086911869437314,0,0,61.30153846153846,444.1062282714842,OGN;FMOD
2000,Reactome_2022,Processing Of Capped Intron-Containing Pre-mRNA R-HSA-72203,5/242,0.0013054233767426,0.015360481733005,0,0,6.702055260650606,44.50987614443903,HSPA8;HNRNPK;SRSF2;HNRNPU;HNRNPC
2001,Reactome_2022,Diseases Of Glycosylation R-HSA-3781865,4/143,0.0013546666926302,0.0154257207257571,0,0,9.04145255224392,59.71155948269502,SPON2;OGN;AGRN;FMOD
2002,Reactome_2022,Protein Methylation R-HSA-8876725,2/17,0.0014554664168464,0.0155690801559631,0,0,40.8574358974359,266.8982937419867,HSPA8;VCP
2003,Reactome_2022,MET Activates PTK2 Signaling R-HSA-8874081,2/17,0.0014554664168464,0.0155690801559631,0,0,40.8574358974359,266.8982937419867,LAMB1;LAMC1
2004,Reactome_2022,Metabolism Of RNA R-HSA-8953854,8/666,0.0016737926387795,0.0173779059261528,0,0,3.971974653546958,25.391496144584217,HSPA8;HNRNPK;SET;ANP32A;SRSF2;HNRNPU;RPLP2;HNRNPC
2005,Reactome_2022,"Synthesis, Secretion, And Deacylation Of Ghrelin R-HSA-422085",2/19,0.0018221438978866,0.0183776227415423,0,0,36.04705882352941,227.3755290844131,PCSK1;IGF1
2006,Reactome_2022,SUMO E3 Ligases SUMOylate Target Proteins R-HSA-3108232,4/168,0.0024398750844934,0.0233323226263285,0,0,7.653503677893922,46.04201198941545,NPM1;HNRNPK;HNRNPC;RANGAP1
2007,Reactome_2022,Laminin Interactions R-HSA-3000157,2/22,0.0024455975557341,0.0233323226263285,0,0,30.635384615384616,184.22483725138,LAMB1;LAMC1
2008,Reactome_2022,RHOBTB1 GTPase Cycle R-HSA-9013422,2/23,0.0026727362269617,0.0241916894389105,0,0,29.17509157509157,172.8522800321737,HNRNPC;DBN1
2009,Reactome_2022,RHOBTB2 GTPase Cycle R-HSA-9013418,2/23,0.0026727362269617,0.0241916894389105,0,0,29.17509157509157,172.8522800321737,HNRNPC;DBN1
2010,Reactome_2022,SUMOylation R-HSA-2990846,4/174,0.0027693047845238,0.0244391147234228,0,0,7.381139122315593,43.46870167543166,NPM1;HNRNPK;HNRNPC;RANGAP1
2011,Reactome_2022,Regulation Of mRNA Stability By Proteins That Bind AU-rich Elements R-HSA-450531,3/88,0.0032180596924359,0.0277067090592654,0,0,10.945588235294116,62.81647564260721,HSPA8;SET;ANP32A
2012,Reactome_2022,Calnexin/calreticulin Cycle R-HSA-901042,2/26,0.0034112057439443,0.0286703720860081,0,0,25.52435897435897,144.9959569883209,CANX;CALR
2013,Reactome_2022,Keratan Sulfate Biosynthesis R-HSA-2022854,2/28,0.0039504212424071,0.0316931522402213,0,0,23.558579881656804,130.37160410340698,OGN;FMOD
2014,Reactome_2022,MET Promotes Cell Motility R-HSA-8875878,2/28,0.0039504212424071,0.0316931522402213,0,0,23.558579881656804,130.37160410340698,LAMB1;LAMC1
2015,Reactome_2022,EGR2 And SOX10-mediated Initiation Of Schwann Cell Myelination R-HSA-9619665,2/29,0.0042339087472888,0.0332126619509544,0,0,22.684900284900284,123.96457890528828,LAMB1;LAMC1
2016,Reactome_2022,L1CAM Interactions R-HSA-373760,3/99,0.0044810159854006,0.0343869270184003,0,0,9.68603515625,52.38116256038227,HSPA8;LAMB1;LAMC1
2017,Reactome_2022,Vesicle-mediated Transport R-HSA-5653656,7/637,0.005351966657205,0.0400826748218222,0,0,3.5746296296296296,18.69635384558385,COL1A1;HSPA8;COL1A2;COL7A1;WNT5A;CALR;HSP90B1
2018,Reactome_2022,Keratan Sulfate/Keratin Metabolism R-HSA-1638074,2/33,0.0054589230218347,0.0400826748218222,0,0,19.753846153846155,102.92748960830214,OGN;FMOD
2019,Reactome_2022,Interleukin-4 And Interleukin-13 Signaling R-HSA-6785807,3/107,0.0055638840404229,0.0400826748218222,0,0,8.937349759615385,46.3978834709922,HSPA8;COL1A2;HSP90B1
2020,Reactome_2022,RHOBTB GTPase Cycle R-HSA-9706574,2/35,0.0061251978898525,0.0432438971023593,0,0,18.554778554778554,94.54298356090004,HNRNPC;DBN1
2021,Reactome_2022,RHOH GTPase Cycle R-HSA-9013407,2/36,0.0064715616754313,0.0447933582632794,0,0,18.00814479638009,90.76713342592004,VCP;DBN1
2022,Reactome_2022,Interactions Of Rev With Host Cellular Proteins R-HSA-177243,2/37,0.006826661705364,0.0454681430564812,0,0,17.492747252747254,87.23492228240762,NPM1;RANGAP1
2023,Reactome_2022,Early SARS-CoV-2 Infection Events R-HSA-9772572,2/37,0.006826661705364,0.0454681430564812,0,0,17.492747252747254,87.23492228240762,VCP;AGRN
2024,Reactome_2022,Glycosaminoglycan Metabolism R-HSA-1630316,3/120,0.0076336292194526,0.0499013169345703,0,0,7.939102564102564,38.7046484777987,OGN;AGRN;FMOD
2324,TargetScan_microRNA,"TGGTGCT,MIR-29A,MIR-29B,MIR-29C",10/521,8.637738497515526e-06,0.0009242380192341612,0,0,6.668039962921001,77.74514348470257,COL1A1;COL16A1;ASPH;COL5A3;COL7A1;COL11A1;COL5A2;MFAP2;LAMC1;IGF1
